Run,ReleaseDate,LoadDate,spots,bases,spots_with_mates,avgLength,size_MB,AssemblyName,download_path,Experiment,LibraryName,LibraryStrategy,LibrarySelection,LibrarySource,LibraryLayout,InsertSize,InsertDev,Platform,Model,SRAStudy,BioProject,Study_Pubmed_id,ProjectID,Sample,BioSample,SampleType,TaxID,ScientificName,SampleName,g1k_pop_code,source,g1k_analysis_group,Subject_ID,Sex,Disease,Tumor,Affection_Status,Analyte_Type,Histological_Type,Body_Site,CenterName,Submission,dbgap_study_accession,Consent,RunHash,ReadHash
SRR5363633,2017-03-21 11:40:07,2017-03-21 11:29:13,9942851,1993124486,9791175,200,809,assembly,https://raw.githubusercontent.com/jmchilton/galaxy-examples/master/sra_PRJNA355367/SRR5363633,SRX2659078,wtPA14,WGS,other,GENOMIC,PAIRED,0,0,ILLUMINA,Illumina HiSeq 2500,SRP102225,PRJNA355367,,355367,SRS2061679,SAMN06619919,simple,652611,Pseudomonas aeruginosa PA14,wtPA14,,,,,,,no,,,,,,SRA547886,,public,4B2860E2C4E35737E1B83F916B397E06,75A547A2277290C9CC16775FB8FE78AF
SRR5363634,2017-03-21 13:19:08,2017-03-21 13:17:11,1158307,232298840,1141697,200,81,assembly,https://raw.githubusercontent.com/jmchilton/galaxy-examples/master/sra_PRJNA355367/SRR5363634,SRX2659079,con10,WGS,other,GENOMIC,PAIRED,0,0,ILLUMINA,Illumina HiSeq 2500,SRP102225,PRJNA355367,,355367,SRS2061680,SAMN06619918,simple,652611,Pseudomonas aeruginosa PA14,con10,,,,,,,no,,,,,,SRA547886,,public,5CFA974CEA422E59BED0101A693E683F,4576D01228B49C8E1414A4C8492C4E8F
SRR5363635,2017-03-21 13:19:08,2017-03-21 13:16:39,1270067,254490549,1249658,200,89,assembly,https://raw.githubusercontent.com/jmchilton/galaxy-examples/master/sra_PRJNA355367/SRR5363635,SRX2659080,con9,WGS,other,GENOMIC,PAIRED,0,0,ILLUMINA,Illumina HiSeq 2500,SRP102225,PRJNA355367,,355367,SRS2061681,SAMN06619917,simple,652611,Pseudomonas aeruginosa PA14,con9,,,,,,,no,,,,,,SRA547886,,public,FA991384C45DD7AEB4CA998A8EC85B91,0F7088693230D8BF7E4BD074BC7EABB5
SRR5363636,2017-03-21 13:19:08,2017-03-21 13:16:56,1023725,205709452,1013013,200,74,assembly,https://raw.githubusercontent.com/jmchilton/galaxy-examples/master/sra_PRJNA355367/SRR5363636,SRX2659081,con8,WGS,other,GENOMIC,PAIRED,0,0,ILLUMINA,Illumina HiSeq 2500,SRP102225,PRJNA355367,,355367,SRS2061682,SAMN06619916,simple,652611,Pseudomonas aeruginosa PA14,con8,,,,,,,no,,,,,,SRA547886,,public,475368998A0DDC84B52868588570F8E1,275704F1C99808F38661A08CDA1C37E2
SRR5363637,2017-03-21 11:37:06,2017-03-21 11:28:00,3179821,638410351,3141113,200,216,assembly,https://raw.githubusercontent.com/jmchilton/galaxy-examples/master/sra_PRJNA355367/SRR5363637,SRX2659082,con7,WGS,other,GENOMIC,PAIRED,0,0,ILLUMINA,Illumina HiSeq 2500,SRP102225,PRJNA355367,,355367,SRS2061683,SAMN06619915,simple,652611,Pseudomonas aeruginosa PA14,con7,,,,,,,no,,,,,,SRA547886,,public,7FA6FA37D1E00F610DD9AF3E35D36560,A071BF14EDC4E4854BF6DBBED6CA4746
SRR5363638,2017-03-21 12:53:08,2017-03-21 12:04:58,3359498,675138344,3325080,200,288,assembly,https://raw.githubusercontent.com/jmchilton/galaxy-examples/master/sra_PRJNA355367/SRR5363638,SRX2659083,con6,WGS,other,GENOMIC,PAIRED,0,0,ILLUMINA,Illumina HiSeq 2500,SRP102225,PRJNA355367,,355367,SRS2061816,SAMN06619914,simple,652611,Pseudomonas aeruginosa PA14,con6,,,,,,,no,,,,,,SRA547886,,public,7FD422B389400DB5CEC215367786F9F3,025C9F881B09BCA5300C147D03AB32B4
SRR5363639,2017-03-21 13:19:08,2017-03-21 13:17:25,2074389,416191247,2046343,200,145,assembly,https://raw.githubusercontent.com/jmchilton/galaxy-examples/master/sra_PRJNA355367/SRR5363639,SRX2659084,con5,WGS,other,GENOMIC,PAIRED,0,0,ILLUMINA,Illumina HiSeq 2500,SRP102225,PRJNA355367,,355367,SRS2061684,SAMN06619912,simple,652611,Pseudomonas aeruginosa PA14,con5,,,,,,,no,,,,,,SRA547886,,public,607C92B9AA5AD7F93A4C5243AB72769F,6623BDC3F6FF91B19F562ED624203203
SRR5363640,2017-03-21 13:19:08,2017-03-21 13:17:46,2692438,540402576,2658118,200,187,assembly,https://raw.githubusercontent.com/jmchilton/galaxy-examples/master/sra_PRJNA355367/SRR5363640,SRX2659085,con4,WGS,other,GENOMIC,PAIRED,0,0,ILLUMINA,Illumina HiSeq 2500,SRP102225,PRJNA355367,,355367,SRS2061685,SAMN06619911,simple,652611,Pseudomonas aeruginosa PA14,con4,,,,,,,no,,,,,,SRA547886,,public,ADBF7A16E3B996D493CFEF455636647E,19437106AE6379AA4A0731075E2DBB17
SRR5363641,2017-03-21 13:19:08,2017-03-21 13:17:14,2271913,456015568,2243122,200,161,assembly,https://raw.githubusercontent.com/jmchilton/galaxy-examples/master/sra_PRJNA355367/SRR5363641,SRX2659086,con3,WGS,other,GENOMIC,PAIRED,0,0,ILLUMINA,Illumina HiSeq 2500,SRP102225,PRJNA355367,,355367,SRS2061686,SAMN06619909,simple,652611,Pseudomonas aeruginosa PA14,con3,,,,,,,no,,,,,,SRA547886,,public,BC61F201B67A418D734C8C3E3E2129F2,D620AE61487177173AA050F6F9882351
SRR5363642,2017-03-21 13:19:08,2017-03-21 13:16:58,2164949,434399488,2136063,200,151,assembly,https://raw.githubusercontent.com/jmchilton/galaxy-examples/master/sra_PRJNA355367/SRR5363642,SRX2659087,con2,WGS,other,GENOMIC,PAIRED,0,0,ILLUMINA,Illumina HiSeq 2500,SRP102225,PRJNA355367,,355367,SRS2061687,SAMN06619908,simple,652611,Pseudomonas aeruginosa PA14,con2,,,,,,,no,,,,,,SRA547886,,public,F18FF499CF872F9B0EBE1D7C5961DC7A,D9918F67C3EC5D6BF9B326D91BF61E61
SRR5363643,2017-03-21 11:37:06,2017-03-21 11:27:34,1999861,401313700,1973567,200,140,assembly,https://raw.githubusercontent.com/jmchilton/galaxy-examples/master/sra_PRJNA355367/SRR5363643,SRX2659088,con1,WGS,other,GENOMIC,PAIRED,0,0,ILLUMINA,Illumina HiSeq 2500,SRP102225,PRJNA355367,,355367,SRS2061688,SAMN06619907,simple,652611,Pseudomonas aeruginosa PA14,con1,,,,,,,no,,,,,,SRA547886,,public,2CF0F741F6760393B81DC71774FA20B4,9EBD94FE66566E6B90FE810C35CE3553
SRR5363644,2017-03-21 11:44:06,2017-03-21 11:36:06,13473203,2704705108,13306228,200,1076,assembly,https://raw.githubusercontent.com/jmchilton/galaxy-examples/master/sra_PRJNA355367/SRR5363644,SRX2659089,str10,WGS,other,GENOMIC,PAIRED,0,0,ILLUMINA,Illumina HiSeq 2500,SRP102225,PRJNA355367,,355367,SRS2061689,SAMN06619906,simple,652611,Pseudomonas aeruginosa PA14,str10,,,,,,,no,,,,,,SRA547886,,public,56EDCC63098C488AF3E3EA6070C9DD59,A059884877BA4A11F003CAA6DBE5F330
SRR5363645,2017-03-21 11:37:06,2017-03-21 11:27:24,1801962,362038363,1782599,200,130,assembly,https://raw.githubusercontent.com/jmchilton/galaxy-examples/master/sra_PRJNA355367/SRR5363645,SRX2659090,str9,WGS,other,GENOMIC,PAIRED,0,0,ILLUMINA,Illumina HiSeq 2500,SRP102225,PRJNA355367,,355367,SRS2061690,SAMN06619905,simple,652611,Pseudomonas aeruginosa PA14,str9,,,,,,,no,,,,,,SRA547886,,public,29631F57D71050E10EA8D61E6B3457C6,2C0A518367BD30D30DA9C724A1292780
SRR5363646,2017-03-21 11:36:06,2017-03-21 11:26:22,39113,7861711,39106,200,4,assembly,https://raw.githubusercontent.com/jmchilton/galaxy-examples/master/sra_PRJNA355367/SRR5363646,SRX2659091,str8,WGS,other,GENOMIC,PAIRED,0,0,ILLUMINA,Illumina HiSeq 2500,SRP102225,PRJNA355367,,355367,SRS2061691,SAMN06619904,simple,652611,Pseudomonas aeruginosa PA14,str8,,,,,,,no,,,,,,SRA547886,,public,C1B29A2171C47C04835DAFDA12EF91AC,8DECA08EE03088EEBCD784006533D147
SRR5363647,2017-03-21 11:36:06,2017-03-21 11:26:43,1255569,252289127,1242359,200,90,assembly,https://raw.githubusercontent.com/jmchilton/galaxy-examples/master/sra_PRJNA355367/SRR5363647,SRX2659092,str7,WGS,other,GENOMIC,PAIRED,0,0,ILLUMINA,Illumina HiSeq 2500,SRP102225,PRJNA355367,,355367,SRS2061692,SAMN06619903,simple,652611,Pseudomonas aeruginosa PA14,str7,,,,,,,no,,,,,,SRA547886,,public,136B7B5372DBD6786E0772324285817B,C46EBBFFDAC753C0B7C7988CC2E35361
SRR5363648,2017-03-21 11:36:06,2017-03-21 11:26:42,903374,181362535,892308,200,64,assembly,https://raw.githubusercontent.com/jmchilton/galaxy-examples/master/sra_PRJNA355367/SRR5363648,SRX2659093,str6,WGS,other,GENOMIC,PAIRED,0,0,ILLUMINA,Illumina HiSeq 2500,SRP102225,PRJNA355367,,355367,SRS2061693,SAMN06619902,simple,652611,Pseudomonas aeruginosa PA14,str6,,,,,,,no,,,,,,SRA547886,,public,AD55C6E6C5E68D075BC178418B8B9F33,94490BD1A2CEE8100E6A329583AFDFE7
SRR5363649,2017-03-21 11:37:06,2017-03-21 11:27:05,2059145,413598822,2035919,200,140,assembly,https://raw.githubusercontent.com/jmchilton/galaxy-examples/master/sra_PRJNA355367/SRR5363649,SRX2659094,str5,WGS,other,GENOMIC,PAIRED,0,0,ILLUMINA,Illumina HiSeq 2500,SRP102225,PRJNA355367,,355367,SRS2061694,SAMN06619901,simple,652611,Pseudomonas aeruginosa PA14,str5,,,,,,,no,,,,,,SRA547886,,public,F6498A224AF0E81FF8988936A0C3B293,0B66DC2D3ABF257A99028B90D6EBE8BF
SRR5363650,2017-03-21 11:37:06,2017-03-21 11:27:37,1685689,338152407,1662375,200,119,assembly,https://raw.githubusercontent.com/jmchilton/galaxy-examples/master/sra_PRJNA355367/SRR5363650,SRX2659095,str4,WGS,other,GENOMIC,PAIRED,0,0,ILLUMINA,Illumina HiSeq 2500,SRP102225,PRJNA355367,,355367,SRS2061695,SAMN06619900,simple,652611,Pseudomonas aeruginosa PA14,str4,,,,,,,no,,,,,,SRA547886,,public,57E248506420BE7CF2008DD0571B0A18,A38746645826085B8D5373EF12C46F42
SRR5363651,2017-03-21 11:36:06,2017-03-21 11:26:51,698470,140689157,694502,201,48,assembly,https://raw.githubusercontent.com/jmchilton/galaxy-examples/master/sra_PRJNA355367/SRR5363651,SRX2659096,str3,WGS,other,GENOMIC,PAIRED,0,0,ILLUMINA,Illumina HiSeq 2500,SRP102225,PRJNA355367,,355367,SRS2061696,SAMN06619899,simple,652611,Pseudomonas aeruginosa PA14,str3,,,,,,,no,,,,,,SRA547886,,public,1A4D9255BB9A10EBFC326F7F252B2403,7951DA6285C731EFEEE078CDBB760816
SRR5363652,2017-03-21 11:37:06,2017-03-21 11:27:53,755393,152119594,750753,201,52,assembly,https://raw.githubusercontent.com/jmchilton/galaxy-examples/master/sra_PRJNA355367/SRR5363652,SRX2659097,str2,WGS,other,GENOMIC,PAIRED,0,0,ILLUMINA,Illumina HiSeq 2500,SRP102225,PRJNA355367,,355367,SRS2061697,SAMN06619898,simple,652611,Pseudomonas aeruginosa PA14,str2,,,,,,,no,,,,,,SRA547886,,public,7307975A4D1E7BD831CBE0D4977EC6F1,8117B4C23C73130409D1EA071B188C78
SRR5363653,2017-03-21 11:37:06,2017-03-21 11:27:41,1651613,331529685,1630882,200,119,assembly,https://raw.githubusercontent.com/jmchilton/galaxy-examples/master/sra_PRJNA355367/SRR5363653,SRX2659098,str1,WGS,other,GENOMIC,PAIRED,0,0,ILLUMINA,Illumina HiSeq 2500,SRP102225,PRJNA355367,,355367,SRS2061698,SAMN06619897,simple,652611,Pseudomonas aeruginosa PA14,str1,,,,,,,no,,,,,,SRA547886,,public,4BB49485E570DF1120A9C48BB82E46B2,BAC84D8EE269C7773945DBAA9BCEC0FC
SRR5363654,2017-03-21 11:37:06,2017-03-21 11:27:37,1693765,340003252,1672625,200,118,assembly,https://raw.githubusercontent.com/jmchilton/galaxy-examples/master/sra_PRJNA355367/SRR5363654,SRX2659099,gen10,WGS,other,GENOMIC,PAIRED,0,0,ILLUMINA,Illumina HiSeq 2500,SRP102225,PRJNA355367,,355367,SRS2061699,SAMN06619894,simple,652611,Pseudomonas aeruginosa PA14,gen10,,,,,,,no,,,,,,SRA547886,,public,DFACE55B7E25BC09412DC83D528EFD63,7400F75B7F3266D367B660CDE2FE82FD
SRR5363655,2017-03-21 11:37:06,2017-03-21 11:28:30,2173449,436124391,2144642,200,153,assembly,https://raw.githubusercontent.com/jmchilton/galaxy-examples/master/sra_PRJNA355367/SRR5363655,SRX2659100,gen9,WGS,other,GENOMIC,PAIRED,0,0,ILLUMINA,Illumina HiSeq 2500,SRP102225,PRJNA355367,,355367,SRS2061700,SAMN06619893,simple,652611,Pseudomonas aeruginosa PA14,gen9,,,,,,,no,,,,,,SRA547886,,public,9ABF883A4647B95503EA1322EFD9FC54,93D341626D4E47FCADCCB987E7091C9E
SRR5363656,2017-03-21 11:43:06,2017-03-21 11:33:05,9625215,1933561588,9519090,200,778,assembly,https://raw.githubusercontent.com/jmchilton/galaxy-examples/master/sra_PRJNA355367/SRR5363656,SRX2659101,gen8,WGS,other,GENOMIC,PAIRED,0,0,ILLUMINA,Illumina HiSeq 2500,SRP102225,PRJNA355367,,355367,SRS2061701,SAMN06619891,simple,652611,Pseudomonas aeruginosa PA14,gen8,,,,,,,no,,,,,,SRA547886,,public,8D13FCD772F5A467342FE5E2612F0A9A,879B46CB22DD0038714D8471972B18D3
SRR5363657,2017-03-21 11:37:06,2017-03-21 11:27:38,1106350,222126014,1092932,200,79,assembly,https://raw.githubusercontent.com/jmchilton/galaxy-examples/master/sra_PRJNA355367/SRR5363657,SRX2659102,gen7,WGS,other,GENOMIC,PAIRED,0,0,ILLUMINA,Illumina HiSeq 2500,SRP102225,PRJNA355367,,355367,SRS2061702,SAMN06619890,simple,652611,Pseudomonas aeruginosa PA14,gen7,,,,,,,no,,,,,,SRA547886,,public,A0425D4F2F8E192AD30611944663E6D3,D5583888B420FE5812781C4C290C2F4D
SRR5363658,2017-03-21 11:37:07,2017-03-21 11:27:07,565475,113765064,560920,201,42,assembly,https://raw.githubusercontent.com/jmchilton/galaxy-examples/master/sra_PRJNA355367/SRR5363658,SRX2659103,gen6,WGS,other,GENOMIC,PAIRED,0,0,ILLUMINA,Illumina HiSeq 2500,SRP102225,PRJNA355367,,355367,SRS2061703,SAMN06619889,simple,652611,Pseudomonas aeruginosa PA14,gen6,,,,,,,no,,,,,,SRA547886,,public,AB5ED782612AFB9674EB5063210C2DA6,C706588D454E4AF7E8C40CF00EB5A64B
SRR5363659,2017-03-21 11:37:07,2017-03-21 11:28:20,1320926,265553033,1308329,201,96,assembly,https://raw.githubusercontent.com/jmchilton/galaxy-examples/master/sra_PRJNA355367/SRR5363659,SRX2659104,gen5,WGS,other,GENOMIC,PAIRED,0,0,ILLUMINA,Illumina HiSeq 2500,SRP102225,PRJNA355367,,355367,SRS2061704,SAMN06619886,simple,652611,Pseudomonas aeruginosa PA14,gen5,,,,,,,no,,,,,,SRA547886,,public,556BF0B538D38A6CA7170B5BF810FC9B,892FFDA06747D9CEBF36FDDE35E63220
SRR5363660,2017-03-21 11:37:07,2017-03-21 11:28:18,949047,190786413,939940,201,70,assembly,https://raw.githubusercontent.com/jmchilton/galaxy-examples/master/sra_PRJNA355367/SRR5363660,SRX2659105,gen4,WGS,other,GENOMIC,PAIRED,0,0,ILLUMINA,Illumina HiSeq 2500,SRP102225,PRJNA355367,,355367,SRS2061705,SAMN06619885,simple,652611,Pseudomonas aeruginosa PA14,gen4,,,,,,,no,,,,,,SRA547886,,public,A2A967B7033A3FA643CE1322F7BC91D1,EE21D62A5906426C88AC4DCAAD1975BB
SRR5363661,2017-03-21 11:39:07,2017-03-21 11:29:11,1609659,323469152,1593027,200,116,assembly,https://raw.githubusercontent.com/jmchilton/galaxy-examples/master/sra_PRJNA355367/SRR5363661,SRX2659106,gen3,WGS,other,GENOMIC,PAIRED,0,0,ILLUMINA,Illumina HiSeq 2500,SRP102225,PRJNA355367,,355367,SRS2061706,SAMN06619883,simple,652611,Pseudomonas aeruginosa PA14,gen3,,,,,,,no,,,,,,SRA547886,,public,5B679BA8A3B7AB2FE25D9B537B6A1944,8BB582C8802F848CAB00D5F23796E721
SRR5363662,2017-03-21 11:37:07,2017-03-21 11:28:20,1244105,249942443,1230587,200,90,assembly,https://raw.githubusercontent.com/jmchilton/galaxy-examples/master/sra_PRJNA355367/SRR5363662,SRX2659107,gen2,WGS,other,GENOMIC,PAIRED,0,0,ILLUMINA,Illumina HiSeq 2500,SRP102225,PRJNA355367,,355367,SRS2061707,SAMN06619882,simple,652611,Pseudomonas aeruginosa PA14,gen2,,,,,,,no,,,,,,SRA547886,,public,B2D5C262197B51A65BD5A358E7C40044,DF5413530C17283EEBCA67F26369A678
SRR5363663,2017-03-21 11:44:06,2017-03-21 11:34:00,13546763,2714292352,13327595,200,1112,assembly,https://raw.githubusercontent.com/jmchilton/galaxy-examples/master/sra_PRJNA355367/SRR5363663,SRX2659108,gen1,WGS,other,GENOMIC,PAIRED,0,0,ILLUMINA,Illumina HiSeq 2500,SRP102225,PRJNA355367,,355367,SRS2061708,SAMN06619880,simple,652611,Pseudomonas aeruginosa PA14,gen1,,,,,,,no,,,,,,SRA547886,,public,468BEF2614FAB88D8CB7A3D067FDC1F4,5C5DC4F08CA2FEF48C1F4D88D4FE8667
SRR5363664,2017-03-21 11:37:07,2017-03-21 11:28:35,1995417,400617217,1971115,200,140,assembly,https://raw.githubusercontent.com/jmchilton/galaxy-examples/master/sra_PRJNA355367/SRR5363664,SRX2659109,pit9,WGS,other,GENOMIC,PAIRED,0,0,ILLUMINA,Illumina HiSeq 2500,SRP102225,PRJNA355367,,355367,SRS2061709,SAMN06619877,simple,652611,Pseudomonas aeruginosa PA14,pit9,,,,,,,no,,,,,,SRA547886,,public,3409FE4AD416ABE5A799A67F572FB097,D5B6410B2550DAF9F68DD02139A2A3C1
SRR5363665,2017-03-21 11:39:07,2017-03-21 11:29:18,2098280,421450493,2074524,200,146,assembly,https://raw.githubusercontent.com/jmchilton/galaxy-examples/master/sra_PRJNA355367/SRR5363665,SRX2659110,pit10,WGS,other,GENOMIC,PAIRED,0,0,ILLUMINA,Illumina HiSeq 2500,SRP102225,PRJNA355367,,355367,SRS2061710,SAMN06619875,simple,652611,Pseudomonas aeruginosa PA14,pit10,,,,,,,no,,,,,,SRA547886,,public,6F95A1BEAE95CE975EB5D126A0191442,EF3314CC0D4B18D26E51A5D12DE5DE07
SRR5363666,2017-03-21 11:39:07,2017-03-21 11:28:56,1624164,326200210,1605561,200,115,assembly,https://raw.githubusercontent.com/jmchilton/galaxy-examples/master/sra_PRJNA355367/SRR5363666,SRX2659111,pit8,WGS,other,GENOMIC,PAIRED,0,0,ILLUMINA,Illumina HiSeq 2500,SRP102225,PRJNA355367,,355367,SRS2061712,SAMN06619874,simple,652611,Pseudomonas aeruginosa PA14,pit8,,,,,,,no,,,,,,SRA547886,,public,A50A12129C95A124BCE0593E39CF5D32,C6014243B8DC983ED9768924360D9EC3
SRR5363667,2017-03-21 11:39:07,2017-03-21 11:28:56,1765896,355178220,1750742,201,122,assembly,https://raw.githubusercontent.com/jmchilton/galaxy-examples/master/sra_PRJNA355367/SRR5363667,SRX2659112,pit7,WGS,other,GENOMIC,PAIRED,0,0,ILLUMINA,Illumina HiSeq 2500,SRP102225,PRJNA355367,,355367,SRS2061711,SAMN06619872,simple,652611,Pseudomonas aeruginosa PA14,pit7,,,,,,,no,,,,,,SRA547886,,public,267010611F998F842A9CE161B9F884D4,D5B753AB298A81FE83612CC26E4E997D
SRR5363668,2017-03-21 11:39:07,2017-03-21 11:29:36,834144,167643900,825708,200,59,assembly,https://raw.githubusercontent.com/jmchilton/galaxy-examples/master/sra_PRJNA355367/SRR5363668,SRX2659113,pit6,WGS,other,GENOMIC,PAIRED,0,0,ILLUMINA,Illumina HiSeq 2500,SRP102225,PRJNA355367,,355367,SRS2061713,SAMN06619870,simple,652611,Pseudomonas aeruginosa PA14,pit6,,,,,,,no,,,,,,SRA547886,,public,B36D4AB79D338CEE507CD7AF8DEBBA85,3A529294EBC031FCFE14343175CF26E4
SRR5363669,2017-03-21 11:42:06,2017-03-21 11:31:07,9524989,1913263017,9418320,200,780,assembly,https://raw.githubusercontent.com/jmchilton/galaxy-examples/master/sra_PRJNA355367/SRR5363669,SRX2659114,pit5,WGS,other,GENOMIC,PAIRED,0,0,ILLUMINA,Illumina HiSeq 2500,SRP102225,PRJNA355367,,355367,SRS2061714,SAMN06619869,simple,652611,Pseudomonas aeruginosa PA14,pit5,,,,,,,no,,,,,,SRA547886,,public,D761855156B01D46A482194FC43C6596,D95E1EFA21A496A192C15DB1C215CE6C
SRR5363670,2017-03-21 11:39:07,2017-03-21 11:28:48,1196456,240479817,1184548,200,84,assembly,https://raw.githubusercontent.com/jmchilton/galaxy-examples/master/sra_PRJNA355367/SRR5363670,SRX2659115,pit4,WGS,other,GENOMIC,PAIRED,0,0,ILLUMINA,Illumina HiSeq 2500,SRP102225,PRJNA355367,,355367,SRS2061715,SAMN06619868,simple,652611,Pseudomonas aeruginosa PA14,pit4,,,,,,,no,,,,,,SRA547886,,public,38141A9E11A9A640AC6F086094B3484D,6B0739140A0FEEE2746FC2CCE2B675AC
SRR5363671,2017-03-21 11:39:07,2017-03-21 11:29:21,1703068,341745049,1680568,200,119,assembly,https://raw.githubusercontent.com/jmchilton/galaxy-examples/master/sra_PRJNA355367/SRR5363671,SRX2659116,pit3,WGS,other,GENOMIC,PAIRED,0,0,ILLUMINA,Illumina HiSeq 2500,SRP102225,PRJNA355367,,355367,SRS2061716,SAMN06619867,simple,652611,Pseudomonas aeruginosa PA14,pit3,,,,,,,no,,,,,,SRA547886,,public,B3466B887AB4A662A8E7DAB4BAA79310,6804F2C4A9BE25762B87F4D7FB7825BE
SRR5363672,2017-03-21 11:40:07,2017-03-21 11:29:21,1752519,352259586,1735224,201,122,assembly,https://raw.githubusercontent.com/jmchilton/galaxy-examples/master/sra_PRJNA355367/SRR5363672,SRX2659117,pit2,WGS,other,GENOMIC,PAIRED,0,0,ILLUMINA,Illumina HiSeq 2500,SRP102225,PRJNA355367,,355367,SRS2061717,SAMN06619865,simple,652611,Pseudomonas aeruginosa PA14,pit2,,,,,,,no,,,,,,SRA547886,,public,381CC0441278BB7E3666653127E80E82,BCC78F0511FCAA7B54E5D110DCA83646
SRR5363673,2017-03-21 11:37:07,2017-03-21 11:28:40,1702102,341794907,1682027,200,121,assembly,https://raw.githubusercontent.com/jmchilton/galaxy-examples/master/sra_PRJNA355367/SRR5363673,SRX2659118,pit1,WGS,other,GENOMIC,PAIRED,0,0,ILLUMINA,Illumina HiSeq 2500,SRP102225,PRJNA355367,,355367,SRS2061718,SAMN06619864,simple,652611,Pseudomonas aeruginosa PA14,pit1,,,,,,,no,,,,,,SRA547886,,public,F24121B1304B1E314C28FDAD7BEA6159,4490F2A5F8EBEEAF465D8DB8DB5D2091
SRR5363674,2017-03-21 11:37:07,2017-03-21 11:28:41,2186337,438861929,2158858,200,155,assembly,https://raw.githubusercontent.com/jmchilton/galaxy-examples/master/sra_PRJNA355367/SRR5363674,SRX2659119,car10,WGS,other,GENOMIC,PAIRED,0,0,ILLUMINA,Illumina HiSeq 2500,SRP102225,PRJNA355367,,355367,SRS2061719,SAMN06619863,simple,652611,Pseudomonas aeruginosa PA14,car10,,,,,,,no,,,,,,SRA547886,,public,236F642D6FFE7F397C5C479BE7DF9A10,CA6912A0A1BB4223D31C5A160ED4B35A
SRR5363675,2017-03-21 11:37:07,2017-03-21 11:28:37,1806341,362679360,1784566,200,128,assembly,https://raw.githubusercontent.com/jmchilton/galaxy-examples/master/sra_PRJNA355367/SRR5363675,SRX2659120,car9,WGS,other,GENOMIC,PAIRED,0,0,ILLUMINA,Illumina HiSeq 2500,SRP102225,PRJNA355367,,355367,SRS2061720,SAMN06619862,simple,652611,Pseudomonas aeruginosa PA14,car9,,,,,,,no,,,,,,SRA547886,,public,59073D87B577F1AB5E370AC0A02FEDF6,C18E8C15787F271C0112C2BA42628C9C
SRR5363676,2017-03-21 11:37:07,2017-03-21 11:28:29,1492644,299621613,1473926,200,106,assembly,https://raw.githubusercontent.com/jmchilton/galaxy-examples/master/sra_PRJNA355367/SRR5363676,SRX2659121,car8,WGS,other,GENOMIC,PAIRED,0,0,ILLUMINA,Illumina HiSeq 2500,SRP102225,PRJNA355367,,355367,SRS2061721,SAMN06619860,simple,652611,Pseudomonas aeruginosa PA14,car8,,,,,,,no,,,,,,SRA547886,,public,D6527ACD84F2D7ACB75F630EDEA1129B,0947C98F9C5046BB4EE6B3639AE86472
SRR5363677,2017-03-21 11:40:07,2017-03-21 11:29:02,2139706,429729175,2115063,200,151,assembly,https://raw.githubusercontent.com/jmchilton/galaxy-examples/master/sra_PRJNA355367/SRR5363677,SRX2659122,car7,WGS,other,GENOMIC,PAIRED,0,0,ILLUMINA,Illumina HiSeq 2500,SRP102225,PRJNA355367,,355367,SRS2061722,SAMN06619859,simple,652611,Pseudomonas aeruginosa PA14,car7,,,,,,,no,,,,,,SRA547886,,public,A550A550E8CB2C747E2F60158EFA3F41,DCCC8462183526844E53D52750AD1A5B
SRR5363678,2017-03-21 11:40:07,2017-03-21 11:29:13,1787521,358790286,1764881,200,124,assembly,https://raw.githubusercontent.com/jmchilton/galaxy-examples/master/sra_PRJNA355367/SRR5363678,SRX2659123,car6,WGS,other,GENOMIC,PAIRED,0,0,ILLUMINA,Illumina HiSeq 2500,SRP102225,PRJNA355367,,355367,SRS2061723,SAMN06619858,simple,652611,Pseudomonas aeruginosa PA14,car6,,,,,,,no,,,,,,SRA547886,,public,170BA95E93B4CEDDDA9BC8E91A6A453E,2F56DFE77FF9A43AFA6C739C3064B5B8
SRR5363679,2017-03-21 11:38:06,2017-03-21 11:28:48,1500378,300767719,1477539,200,106,assembly,https://raw.githubusercontent.com/jmchilton/galaxy-examples/master/sra_PRJNA355367/SRR5363679,SRX2659124,car5,WGS,other,GENOMIC,PAIRED,0,0,ILLUMINA,Illumina HiSeq 2500,SRP102225,PRJNA355367,,355367,SRS2061724,SAMN06619857,simple,652611,Pseudomonas aeruginosa PA14,car5,,,,,,,no,,,,,,SRA547886,,public,68E6C7C473CC1EBFD144637D71962F95,176320B41362949C3E79A02E93FAC3FF
SRR5363680,2017-03-21 11:38:06,2017-03-21 11:28:54,879242,176495860,868255,200,63,assembly,https://raw.githubusercontent.com/jmchilton/galaxy-examples/master/sra_PRJNA355367/SRR5363680,SRX2659125,car4,WGS,other,GENOMIC,PAIRED,0,0,ILLUMINA,Illumina HiSeq 2500,SRP102225,PRJNA355367,,355367,SRS2061725,SAMN06619856,simple,652611,Pseudomonas aeruginosa PA14,car4,,,,,,,no,,,,,,SRA547886,,public,736169B108B27FA99117C0ACF58A0D7C,ACB5BC2A48DF0CDFCA8FA6AF9BB3CCE0
SRR5363681,2017-03-21 11:40:07,2017-03-21 11:30:02,1852256,371663665,1827605,200,130,assembly,https://raw.githubusercontent.com/jmchilton/galaxy-examples/master/sra_PRJNA355367/SRR5363681,SRX2659126,car3,WGS,other,GENOMIC,PAIRED,0,0,ILLUMINA,Illumina HiSeq 2500,SRP102225,PRJNA355367,,355367,SRS2061726,SAMN06619855,simple,652611,Pseudomonas aeruginosa PA14,car3,,,,,,,no,,,,,,SRA547886,,public,75E4D04CEC34A73741B20B5A43E9A018,43006A1BDDB31B6AC5B837109C9DD53E
SRR5363682,2017-03-21 11:40:07,2017-03-21 11:29:40,996680,199979148,983324,200,72,assembly,https://raw.githubusercontent.com/jmchilton/galaxy-examples/master/sra_PRJNA355367/SRR5363682,SRX2659127,car2,WGS,other,GENOMIC,PAIRED,0,0,ILLUMINA,Illumina HiSeq 2500,SRP102225,PRJNA355367,,355367,SRS2061727,SAMN06619854,simple,652611,Pseudomonas aeruginosa PA14,car2,,,,,,,no,,,,,,SRA547886,,public,552065AAB7D098F63D03D38CF15FF3FA,19EE9D687609AFA6BFCAB23A685769A3
SRR5363683,2017-03-21 11:40:07,2017-03-21 11:29:49,1089078,218680766,1076092,200,79,assembly,https://raw.githubusercontent.com/jmchilton/galaxy-examples/master/sra_PRJNA355367/SRR5363683,SRX2659128,car1,WGS,other,GENOMIC,PAIRED,0,0,ILLUMINA,Illumina HiSeq 2500,SRP102225,PRJNA355367,,355367,SRS2061728,SAMN06619853,simple,652611,Pseudomonas aeruginosa PA14,car1,,,,,,,no,,,,,,SRA547886,,public,5547AB3BA70E676A4A2528E12B24DD57,4F9EF5229E75A9D83DF5301F408D8DE5
SRR5363684,2017-03-21 11:40:07,2017-03-21 11:29:57,1682993,337921519,1662784,200,118,assembly,https://raw.githubusercontent.com/jmchilton/galaxy-examples/master/sra_PRJNA355367/SRR5363684,SRX2659129,cef10,WGS,other,GENOMIC,PAIRED,0,0,ILLUMINA,Illumina HiSeq 2500,SRP102225,PRJNA355367,,355367,SRS2061729,SAMN06619852,simple,652611,Pseudomonas aeruginosa PA14,cef10,,,,,,,no,,,,,,SRA547886,,public,0B3D8909EFDB5A9F203C106C2866CB9F,1157F1CEF198F375A59E406770BF8929
SRR5363685,2017-03-21 11:40:07,2017-03-21 11:29:46,1274849,255689623,1256747,200,92,assembly,https://raw.githubusercontent.com/jmchilton/galaxy-examples/master/sra_PRJNA355367/SRR5363685,SRX2659130,cef9,WGS,other,GENOMIC,PAIRED,0,0,ILLUMINA,Illumina HiSeq 2500,SRP102225,PRJNA355367,,355367,SRS2061730,SAMN06619851,simple,652611,Pseudomonas aeruginosa PA14,cef9,,,,,,,no,,,,,,SRA547886,,public,B70DCC0E037CFA3DA920005F6F5DDA4B,59EBA044BC6E4162DC78E3DF7B2B2BD1
SRR5363686,2017-03-21 11:40:07,2017-03-21 11:29:22,1218188,244568636,1203299,200,87,assembly,https://raw.githubusercontent.com/jmchilton/galaxy-examples/master/sra_PRJNA355367/SRR5363686,SRX2659131,cef8,WGS,other,GENOMIC,PAIRED,0,0,ILLUMINA,Illumina HiSeq 2500,SRP102225,PRJNA355367,,355367,SRS2061731,SAMN06619802,simple,652611,Pseudomonas aeruginosa PA14,cef8,,,,,,,no,,,,,,SRA547886,,public,890906F5E66BBB489046BBA1AE93B669,FA7120957CDF3644EC2B4C3D45B59D63
SRR5363687,2017-03-21 11:40:07,2017-03-21 11:30:06,2027741,406979584,2001785,200,142,assembly,https://raw.githubusercontent.com/jmchilton/galaxy-examples/master/sra_PRJNA355367/SRR5363687,SRX2659132,cef7,WGS,other,GENOMIC,PAIRED,0,0,ILLUMINA,Illumina HiSeq 2500,SRP102225,PRJNA355367,,355367,SRS2061732,SAMN06619800,simple,652611,Pseudomonas aeruginosa PA14,cef7,,,,,,,no,,,,,,SRA547886,,public,22F0C0BFF68B2D1B6F7C17E80832384A,F0FEA65C2D7210BDD6CBB4ED786C180E
SRR5363688,2017-03-21 11:40:07,2017-03-21 11:29:38,998237,200918449,991068,201,72,assembly,https://raw.githubusercontent.com/jmchilton/galaxy-examples/master/sra_PRJNA355367/SRR5363688,SRX2659133,cef6,WGS,other,GENOMIC,PAIRED,0,0,ILLUMINA,Illumina HiSeq 2500,SRP102225,PRJNA355367,,355367,SRS2061733,SAMN06619799,simple,652611,Pseudomonas aeruginosa PA14,cef6,,,,,,,no,,,,,,SRA547886,,public,580213F8D5685CB6B839DB94162F49D4,A60E587B2F80836D8928DB63466E228E
SRR5363689,2017-03-21 11:40:07,2017-03-21 11:29:26,518920,104507529,515814,201,41,assembly,https://raw.githubusercontent.com/jmchilton/galaxy-examples/master/sra_PRJNA355367/SRR5363689,SRX2659134,cef5,WGS,other,GENOMIC,PAIRED,0,0,ILLUMINA,Illumina HiSeq 2500,SRP102225,PRJNA355367,,355367,SRS2061734,SAMN06619798,simple,652611,Pseudomonas aeruginosa PA14,cef5,,,,,,,no,,,,,,SRA547886,,public,8A2D560978D556FCD482A7900266778C,D5F47BEC10B181F646F2DC6279D49FF4
SRR5363690,2017-03-21 11:44:06,2017-03-21 11:33:47,11530820,2311357478,11354074,200,982,assembly,https://raw.githubusercontent.com/jmchilton/galaxy-examples/master/sra_PRJNA355367/SRR5363690,SRX2659135,cef4,WGS,other,GENOMIC,PAIRED,0,0,ILLUMINA,Illumina HiSeq 2500,SRP102225,PRJNA355367,,355367,SRS2061735,SAMN06619797,simple,652611,Pseudomonas aeruginosa PA14,cef4,,,,,,,no,,,,,,SRA547886,,public,28E36E4A8513300E7907F3CEE4820048,5EF5CB5CCA770580E150C8255BF38AD4
SRR5363691,2017-03-21 11:40:07,2017-03-21 11:29:41,516125,103920037,512793,201,41,assembly,https://raw.githubusercontent.com/jmchilton/galaxy-examples/master/sra_PRJNA355367/SRR5363691,SRX2659136,cef3,WGS,other,GENOMIC,PAIRED,0,0,ILLUMINA,Illumina HiSeq 2500,SRP102225,PRJNA355367,,355367,SRS2061736,SAMN06619796,simple,652611,Pseudomonas aeruginosa PA14,cef3,,,,,,,no,,,,,,SRA547886,,public,223D757D0EBA69D0120AEB15BEE06988,23791857AF6FB7C2DF32B9873A2BF051
SRR5363692,2017-03-21 11:40:07,2017-03-21 11:30:11,890572,179326220,884948,201,65,assembly,https://raw.githubusercontent.com/jmchilton/galaxy-examples/master/sra_PRJNA355367/SRR5363692,SRX2659137,cef2,WGS,other,GENOMIC,PAIRED,0,0,ILLUMINA,Illumina HiSeq 2500,SRP102225,PRJNA355367,,355367,SRS2061737,SAMN06619795,simple,652611,Pseudomonas aeruginosa PA14,cef2,,,,,,,no,,,,,,SRA547886,,public,FA2D8F6AF276400E1C5DD218A6856B55,43C2946B82D215F9E43B63697966ECD7
SRR5363693,2017-03-21 11:40:07,2017-03-21 11:30:04,978135,196865238,971039,201,74,assembly,https://raw.githubusercontent.com/jmchilton/galaxy-examples/master/sra_PRJNA355367/SRR5363693,SRX2659138,cef1,WGS,other,GENOMIC,PAIRED,0,0,ILLUMINA,Illumina HiSeq 2500,SRP102225,PRJNA355367,,355367,SRS2061738,SAMN06619794,simple,652611,Pseudomonas aeruginosa PA14,cef1,,,,,,,no,,,,,,SRA547886,,public,77408E861DA295E054612C2425DE839C,BC8F3A0E90D0A797EED02E9392D67E5D
SRR5363694,2017-03-21 11:40:07,2017-03-21 11:29:57,1959249,393031721,1932180,200,138,assembly,https://raw.githubusercontent.com/jmchilton/galaxy-examples/master/sra_PRJNA355367/SRR5363694,SRX2659139,imi2,WGS,other,GENOMIC,PAIRED,0,0,ILLUMINA,Illumina HiSeq 2500,SRP102225,PRJNA355367,,355367,SRS2061739,SAMN06619793,simple,652611,Pseudomonas aeruginosa PA14,imi2,,,,,,,no,,,,,,SRA547886,,public,9916FDC469B095378890386A87DE6050,C7941B08AE8CB2B1E40AA391A1BA4737
SRR5363695,2017-03-21 11:40:07,2017-03-21 11:29:43,1074984,215595123,1059636,200,76,assembly,https://raw.githubusercontent.com/jmchilton/galaxy-examples/master/sra_PRJNA355367/SRR5363695,SRX2659140,imi1,WGS,other,GENOMIC,PAIRED,0,0,ILLUMINA,Illumina HiSeq 2500,SRP102225,PRJNA355367,,355367,SRS2061740,SAMN06619792,simple,652611,Pseudomonas aeruginosa PA14,imi1,,,,,,,no,,,,,,SRA547886,,public,02CF6569069E38781503AEC0EC4C07ED,B43DF66F6E7CDDEC0457F478ED1B2604
SRR5363696,2017-03-21 11:41:07,2017-03-21 11:29:48,1288979,258545055,1270889,200,92,assembly,https://raw.githubusercontent.com/jmchilton/galaxy-examples/master/sra_PRJNA355367/SRR5363696,SRX2659141,dor10,WGS,other,GENOMIC,PAIRED,0,0,ILLUMINA,Illumina HiSeq 2500,SRP102225,PRJNA355367,,355367,SRS2061741,SAMN06619791,simple,652611,Pseudomonas aeruginosa PA14,dor10,,,,,,,no,,,,,,SRA547886,,public,4ED70C1D6C686C5E70D46DDDB65EB5D1,6940317B5EB65C8DF661DC210E050BC1
SRR5363697,2017-03-21 11:42:06,2017-03-21 11:31:06,2908416,583478795,2868638,200,200,assembly,https://raw.githubusercontent.com/jmchilton/galaxy-examples/master/sra_PRJNA355367/SRR5363697,SRX2659142,dor9,WGS,other,GENOMIC,PAIRED,0,0,ILLUMINA,Illumina HiSeq 2500,SRP102225,PRJNA355367,,355367,SRS2061742,SAMN06619789,simple,652611,Pseudomonas aeruginosa PA14,dor9,,,,,,,no,,,,,,SRA547886,,public,77C16CC093E014DEB2190D29554AE716,501E4005FE59A07DA2532B398513B49B
SRR5363698,2017-03-21 11:49:07,2017-03-21 11:37:59,15442120,3097410993,15225523,200,1224,assembly,https://raw.githubusercontent.com/jmchilton/galaxy-examples/master/sra_PRJNA355367/SRR5363698,SRX2659143,dor8,WGS,other,GENOMIC,PAIRED,0,0,ILLUMINA,Illumina HiSeq 2500,SRP102225,PRJNA355367,,355367,SRS2061743,SAMN06619788,simple,652611,Pseudomonas aeruginosa PA14,dor8,,,,,,,no,,,,,,SRA547886,,public,AC194B2D94EB0C003AB51E03B368985A,6258854218215D6476E3F48F3DCE2617
SRR5363699,2017-03-21 11:40:07,2017-03-21 11:30:00,1718167,344971206,1697410,200,123,assembly,https://raw.githubusercontent.com/jmchilton/galaxy-examples/master/sra_PRJNA355367/SRR5363699,SRX2659144,dor7,WGS,other,GENOMIC,PAIRED,0,0,ILLUMINA,Illumina HiSeq 2500,SRP102225,PRJNA355367,,355367,SRS2061744,SAMN06619787,simple,652611,Pseudomonas aeruginosa PA14,dor7,,,,,,,no,,,,,,SRA547886,,public,7C5F215E6DE66D3FD0DBE6628ACE562B,02329425B05523F3D84C05613787F1BC
SRR5363700,2017-03-21 11:41:07,2017-03-21 11:29:57,1739828,349655178,1722126,200,125,assembly,https://raw.githubusercontent.com/jmchilton/galaxy-examples/master/sra_PRJNA355367/SRR5363700,SRX2659145,dor6,WGS,other,GENOMIC,PAIRED,0,0,ILLUMINA,Illumina HiSeq 2500,SRP102225,PRJNA355367,,355367,SRS2061745,SAMN06619786,simple,652611,Pseudomonas aeruginosa PA14,dor6,,,,,,,no,,,,,,SRA547886,,public,D6CDC6A7DFC0D38DBC47D830D7D4AB86,5CCA12F9AB1BD6C3608F0D2CBB85052F
SRR5363701,2017-03-21 11:45:06,2017-03-21 11:35:22,18584730,3732962863,18375556,200,1453,assembly,https://raw.githubusercontent.com/jmchilton/galaxy-examples/master/sra_PRJNA355367/SRR5363701,SRX2659146,dor5,WGS,other,GENOMIC,PAIRED,0,0,ILLUMINA,Illumina HiSeq 2500,SRP102225,PRJNA355367,,355367,SRS2061746,SAMN06619785,simple,652611,Pseudomonas aeruginosa PA14,dor5,,,,,,,no,,,,,,SRA547886,,public,DD4B8118A3F2ADB107C8CD368E75C6AB,E0CA249DAF89C0DCA9850477855CC3C0
SRR5363702,2017-03-21 11:44:06,2017-03-21 11:35:13,12158676,2438787680,11987886,200,981,assembly,https://raw.githubusercontent.com/jmchilton/galaxy-examples/master/sra_PRJNA355367/SRR5363702,SRX2659147,dor4,WGS,other,GENOMIC,PAIRED,0,0,ILLUMINA,Illumina HiSeq 2500,SRP102225,PRJNA355367,,355367,SRS2061747,SAMN06619784,simple,652611,Pseudomonas aeruginosa PA14,dor4,,,,,,,no,,,,,,SRA547886,,public,8BE68AF61E53D622CC368D5242D27C90,0F8099734951B4B9F5187AD14AFBB36D
SRR5363703,2017-03-21 11:44:06,2017-03-21 11:34:44,11391713,2283748728,11219804,200,916,assembly,https://raw.githubusercontent.com/jmchilton/galaxy-examples/master/sra_PRJNA355367/SRR5363703,SRX2659148,dor3,WGS,other,GENOMIC,PAIRED,0,0,ILLUMINA,Illumina HiSeq 2500,SRP102225,PRJNA355367,,355367,SRS2061748,SAMN06619783,simple,652611,Pseudomonas aeruginosa PA14,dor3,,,,,,,no,,,,,,SRA547886,,public,A79D02001732F4C98935C601EFFCCB9A,BE0B8CF3D981FB7EEFB754FDC5E609A7
SRR5363704,2017-03-21 11:42:06,2017-03-21 11:32:45,6155766,1236497552,6086854,200,513,assembly,https://raw.githubusercontent.com/jmchilton/galaxy-examples/master/sra_PRJNA355367/SRR5363704,SRX2659149,dor2,WGS,other,GENOMIC,PAIRED,0,0,ILLUMINA,Illumina HiSeq 2500,SRP102225,PRJNA355367,,355367,SRS2061749,SAMN06619782,simple,652611,Pseudomonas aeruginosa PA14,dor2,,,,,,,no,,,,,,SRA547886,,public,D37640236B225D20252683AD8353A0C6,CA397770DFDF70E1F6F9508A2674BA7B
SRR5363705,2017-03-21 11:41:07,2017-03-21 11:30:25,1002355,201209957,989835,200,72,assembly,https://raw.githubusercontent.com/jmchilton/galaxy-examples/master/sra_PRJNA355367/SRR5363705,SRX2659150,dor1,WGS,other,GENOMIC,PAIRED,0,0,ILLUMINA,Illumina HiSeq 2500,SRP102225,PRJNA355367,,355367,SRS2061750,SAMN06619781,simple,652611,Pseudomonas aeruginosa PA14,dor1,,,,,,,no,,,,,,SRA547886,,public,729CA6B006AC9837DDD4533542BD01C2,FEEA4AF8D4CAF32C4EB9D77E4482C58C
SRR5363706,2017-03-21 11:41:07,2017-03-21 11:30:25,752409,151419028,746795,201,59,assembly,https://raw.githubusercontent.com/jmchilton/galaxy-examples/master/sra_PRJNA355367/SRR5363706,SRX2659151,cip10,WGS,other,GENOMIC,PAIRED,0,0,ILLUMINA,Illumina HiSeq 2500,SRP102225,PRJNA355367,,355367,SRS2061751,SAMN06619780,simple,652611,Pseudomonas aeruginosa PA14,cip10,,,,,,,no,,,,,,SRA547886,,public,801FA9C43F64FA6C196376B7E2290F47,94C0889A72519ED95A60F06B964257F1
SRR5363707,2017-03-21 11:44:06,2017-03-21 11:33:49,10594069,2127067244,10466132,200,870,assembly,https://raw.githubusercontent.com/jmchilton/galaxy-examples/master/sra_PRJNA355367/SRR5363707,SRX2659152,cip9,WGS,other,GENOMIC,PAIRED,0,0,ILLUMINA,Illumina HiSeq 2500,SRP102225,PRJNA355367,,355367,SRS2061752,SAMN06619779,simple,652611,Pseudomonas aeruginosa PA14,cip9,,,,,,,no,,,,,,SRA547886,,public,A9BB0455DFD5EE6D6AE2915BB7ADFFD4,C6FDD1F1D1BB4CDF3445B0AAD4CE5768
SRR5363708,2017-03-21 11:41:07,2017-03-21 11:30:31,1431059,287670501,1417182,201,105,assembly,https://raw.githubusercontent.com/jmchilton/galaxy-examples/master/sra_PRJNA355367/SRR5363708,SRX2659153,cip8,WGS,other,GENOMIC,PAIRED,0,0,ILLUMINA,Illumina HiSeq 2500,SRP102225,PRJNA355367,,355367,SRS2061753,SAMN06619778,simple,652611,Pseudomonas aeruginosa PA14,cip8,,,,,,,no,,,,,,SRA547886,,public,9010359E31C05F12EB41BE190F45AE4B,22930C247CF4686C4D314E7811D76E74
SRR5363709,2017-03-21 11:41:07,2017-03-21 11:30:41,1208297,242791534,1195595,200,88,assembly,https://raw.githubusercontent.com/jmchilton/galaxy-examples/master/sra_PRJNA355367/SRR5363709,SRX2659154,cip7,WGS,other,GENOMIC,PAIRED,0,0,ILLUMINA,Illumina HiSeq 2500,SRP102225,PRJNA355367,,355367,SRS2061754,SAMN06619777,simple,652611,Pseudomonas aeruginosa PA14,cip7,,,,,,,no,,,,,,SRA547886,,public,082C2B2765AED83DB3D804C3F252EA09,75BB1644AEF8EF9446D132D9C621E5EE
SRR5363710,2017-03-21 11:41:07,2017-03-21 11:30:35,1370364,275356971,1355960,200,100,assembly,https://raw.githubusercontent.com/jmchilton/galaxy-examples/master/sra_PRJNA355367/SRR5363710,SRX2659155,cip6,WGS,other,GENOMIC,PAIRED,0,0,ILLUMINA,Illumina HiSeq 2500,SRP102225,PRJNA355367,,355367,SRS2061755,SAMN06075477,simple,652611,Pseudomonas aeruginosa PA14,cip6,,,,,,,no,,,,,,SRA547886,,public,44EC2AD9977956BD8C0BF6257CBBF7AA,2AB7A669E7077E193876C5D1688B5B33
SRR5363711,2017-03-21 11:42:06,2017-03-21 11:31:24,1593545,320335049,1578109,201,116,assembly,https://raw.githubusercontent.com/jmchilton/galaxy-examples/master/sra_PRJNA355367/SRR5363711,SRX2659156,cip5,WGS,other,GENOMIC,PAIRED,0,0,ILLUMINA,Illumina HiSeq 2500,SRP102225,PRJNA355367,,355367,SRS2061756,SAMN06075476,simple,652611,Pseudomonas aeruginosa PA14,cip5,,,,,,,no,,,,,,SRA547886,,public,8188FC14E199BE835CE0D68D36A2597D,64F996EFBC24D330BFA354E11871CC71
SRR5363712,2017-03-21 11:41:07,2017-03-21 11:31:00,1332160,267714312,1318490,200,99,assembly,https://raw.githubusercontent.com/jmchilton/galaxy-examples/master/sra_PRJNA355367/SRR5363712,SRX2659157,cip4,WGS,other,GENOMIC,PAIRED,0,0,ILLUMINA,Illumina HiSeq 2500,SRP102225,PRJNA355367,,355367,SRS2061757,SAMN06075475,simple,652611,Pseudomonas aeruginosa PA14,cip4,,,,,,,no,,,,,,SRA547886,,public,F0F0FFD9A8F4D6A4A4839B03246D7F9A,040B4FE8E69662664D4AB3EE3D193E20
SRR5363713,2017-03-21 11:42:06,2017-03-21 11:31:02,1893119,379943269,1868718,200,134,assembly,https://raw.githubusercontent.com/jmchilton/galaxy-examples/master/sra_PRJNA355367/SRR5363713,SRX2659158,cip3,WGS,other,GENOMIC,PAIRED,0,0,ILLUMINA,Illumina HiSeq 2500,SRP102225,PRJNA355367,,355367,SRS2061758,SAMN06075473,simple,652611,Pseudomonas aeruginosa PA14,cip3,,,,,,,no,,,,,,SRA547886,,public,34427A63462EE23ADFB3E823EAF3F8DC,48FAB64C71648E50355F1B09BA36DE6D
SRR5363714,2017-03-21 11:42:06,2017-03-21 11:31:01,1839276,369651139,1820660,200,129,assembly,https://raw.githubusercontent.com/jmchilton/galaxy-examples/master/sra_PRJNA355367/SRR5363714,SRX2659159,cip2,WGS,other,GENOMIC,PAIRED,0,0,ILLUMINA,Illumina HiSeq 2500,SRP102225,PRJNA355367,,355367,SRS2061759,SAMN06075470,simple,652611,Pseudomonas aeruginosa PA14,cip2,,,,,,,no,,,,,,SRA547886,,public,2026940652070B8A28F10FC4CA144FC9,009B0896E12C322DB478E3D3D908C29E
SRR5363715,2017-03-21 11:26:06,2017-03-21 10:59:33,712060,142833136,702138,200,51,assembly,https://sra-download.ncbi.nlm.nih.gov/traces/sra46/SRR/005238/SRR5363715,SRX2659160,cip1,WGS,other,GENOMIC,PAIRED,0,0,ILLUMINA,Illumina HiSeq 2500,SRP102225,PRJNA355367,,355367,SRS2061760,SAMN06075468,simple,652611,Pseudomonas aeruginosa PA14,cip1,,,,,,,no,,,,,,SRA547886,,public,60B9FF382DC8F064CA6902CE24A4A4C9,7202DF52CFE049B8E33B54709128754D
,,,,,,,,,,,,,,,,,,,,,,,,,,,,,,,,,,,,,,,,,,,,,,